category,letter,have,need_to_reach_3
stationery,A,14,0
stationery,B,13,0
stationery,C,11,0
stationery,D,13,0
stationery,E,11,0
stationery,F,10,0
stationery,G,13,0
stationery,H,12,0
stationery,I,12,0
stationery,J,12,0
stationery,K,14,0
stationery,L,12,0
stationery,M,15,0
stationery,N,16,0
stationery,O,16,0
stationery,P,15,0
stationery,Q,12,0
stationery,R,18,0
stationery,S,15,0
stationery,T,17,0
stationery,U,12,0
stationery,V,15,0
stationery,W,13,0
stationery,X,18,0
stationery,Y,13,0
stationery,Z,11,0
tools,A,21,0
tools,B,15,0
tools,C,18,0
tools,D,20,0
tools,E,28,0
tools,F,18,0
tools,G,20,0
tools,H,16,0
tools,I,14,0
tools,J,18,0
tools,K,15,0
tools,L,17,0
tools,M,15,0
tools,N,17,0
tools,O,16,0
tools,P,17,0
tools,Q,14,0
tools,R,27,0
tools,S,20,0
tools,T,21,0
tools,U,16,0
tools,V,14,0
tools,W,16,0
tools,X,13,0
tools,Y,14,0
tools,Z,17,0
produce,A,12,0
produce,B,7,0
produce,C,9,0
produce,D,9,0
produce,E,12,0
produce,F,8,0
produce,G,8,0
produce,H,9,0
produce,I,10,0
produce,J,8,0
produce,K,7,0
produce,L,8,0
produce,M,7,0
produce,N,11,0
produce,O,9,0
produce,P,9,0
produce,Q,8,0
produce,R,10,0
produce,S,11,0
produce,T,9,0
produce,U,8,0
produce,V,7,0
produce,W,9,0
produce,X,7,0
produce,Y,9,0
produce,Z,7,0
food,A,5,0
food,B,5,0
food,C,4,0
food,D,5,0
food,E,5,0
food,F,5,0
food,G,4,0
food,H,4,0
food,I,4,0
food,J,4,0
food,K,4,0
food,L,4,0
food,M,5,0
food,N,4,0
food,O,9,0
food,P,3,0
food,Q,4,0
food,R,5,0
food,S,5,0
food,T,4,0
food,U,4,0
food,V,4,0
food,W,3,0
food,X,4,0
food,Y,4,0
food,Z,4,0
plants,A,16,0
plants,B,10,0
plants,C,9,0
plants,D,13,0
plants,E,34,0
plants,F,13,0
plants,G,16,0
plants,H,17,0
plants,I,35,0
plants,J,9,0
plants,K,11,0
plants,L,27,0
plants,M,13,0
plants,N,22,0
plants,O,52,0
plants,P,18,0
plants,Q,7,0
plants,R,18,0
plants,S,19,0
plants,T,14,0
plants,U,10,0
plants,V,13,0
plants,W,11,0
plants,X,7,0
plants,Y,13,0
plants,Z,7,0
